<?xml version="1.0" encoding="UTF-8"?>
<entity-mappings version="1.0" xmlns="http://java.sun.com/xml/ns/persistence/orm"
    xmlns:xsi="http://www.w3.org/2001/XMLSchema-instance"
    xsi:schemaLocation="http://java.sun.com/xml/ns/persistence/orm http://java.sun.com/xml/ns/persistence/orm_1_0.xsd">
    
    <named-query name="Login.findEntity">
        <query>select k from LoginEntity k</query>
    </named-query>
    
    <named-query name="PurchaseEntity.getPurchaseRecordsByDate">
    	<query>select k from PurchaseEntity k where k.purchaseDate between ?1 and ?2</query>
    </named-query>
    
    <named-query name="PurchaseEntity.getPurchaseRecordsByVendorName">
    	<query>select k from PurchaseEntity k where k.vendorName=?1</query>
    </named-query> 
    
</entity-mappings>